{"cameraMode":{"drawMode":0,"name":"Shaded","section":"Shading Mode"},"sceneLighting":true,"audioPlay":false,"sceneViewState":{"m_AlwaysRefresh":false,"showFog":true,"showSkybox":true,"showFlares":true,"showImageEffects":true,"showParticleSystems":true,"showVisualEffectGraphs":true,"m_FxEnabled":true},"in2DMode":false,"pivot":{"x":15.509541511535645,"y":10.451542854309082,"z":-22.99040985107422},"rotation":{"x":-0.37311503291130068,"y":0.27904096245765688,"z":-0.11872907727956772,"w":-0.8768393993377686},"size":4.042752742767334,"orthographic":false}